{"cameraMode":{"drawMode":0,"name":"Shaded","section":"Shading Mode"},"sceneLighting":false,"audioPlay":false,"sceneViewState":{"showFog":true,"showMaterialUpdate":false,"showSkybox":true,"showFlares":true,"showImageEffects":true,"showParticleSystems":true},"in2DMode":false,"pivot":{"x":-0.25415468215942385,"y":0.880225658416748,"z":0.6903464794158936},"rotation":{"x":-0.1468391716480255,"y":0.8242872953414917,"z":-0.24850228428840638,"w":-0.4870685935020447},"size":5.565649509429932,"orthographic":false}