{"cameraMode":{"drawMode":0,"name":"Shaded","section":"Shading Mode"},"sceneLighting":true,"audioPlay":false,"sceneViewState":{"showFog":true,"showMaterialUpdate":false,"showSkybox":true,"showFlares":true,"showImageEffects":true,"showParticleSystems":true},"in2DMode":false,"pivot":{"x":16.458301544189454,"y":30.030759811401368,"z":-29.261932373046876},"rotation":{"x":0.19161683320999146,"y":0.7804980278015137,"z":-0.28685256838798525,"w":0.521375298500061},"size":24.14597511291504,"orthographic":false}